,0
0,https://en.wikipedia.org/wiki/Nadeeka Guruge
1,https://en.wikipedia.org/wiki/M._S._Fernando
2,https://en.wikipedia.org/wiki/J._A._Milton_Perera
3,https://en.wikipedia.org/wiki/Rohana_Weerasinghe
4,https://en.wikipedia.org/wiki/W._D._Amaradeva
5,https://en.wikipedia.org/wiki/Sunil_Edirisinghe
6,https://en.wikipedia.org/wiki/Ceylon_Manohar
7,https://en.wikipedia.org/wiki/Freddie_Silva
8,https://en.wikipedia.org/wiki/Nihal_Nelson
9,https://en.wikipedia.org/wiki/Henry_Caldera
10,https://en.wikipedia.org/wiki/Mercy_Edirisinghe
11,https://en.wikipedia.org/wiki/Namal Udugama
12,https://en.wikipedia.org/wiki/Bathiya_Jaykody
13,https://en.wikipedia.org/wiki/Falan_Andrea
14,https://en.wikipedia.org/wiki/Namal_Udugama
15,https://en.wikipedia.org/wiki/Nadeeka_Guruge
16,https://en.wikipedia.org/wiki/Sunflowers_(band)
17,https://en.wikipedia.org/wiki/J._P._Chandrababu
18,https://en.wikipedia.org/wiki/Sachith Peiris
19,https://en.wikipedia.org/wiki/Gaurav Dagaonkar
20,https://en.wikipedia.org/wiki/Uresha Ravihari
21,https://en.wikipedia.org/wiki/Iraj_Weeraratne
22,https://en.wikipedia.org/wiki/Anil_Mihiripenna
23,https://en.wikipedia.org/wiki/Prince_Udaya_Priyantha
24,https://en.wikipedia.org/wiki/Tharanga_Goonetilleke
25,https://en.wikipedia.org/wiki/Annesley Malewana
26,https://en.wikipedia.org/wiki/Clarence_Wijewardane
27,https://en.wikipedia.org/wiki/Gresha_Schuilling
28,https://en.wikipedia.org/wiki/Abhisheka Wimalaweera
29,https://en.wikipedia.org/wiki/Ajith Bandara
30,https://en.wikipedia.org/wiki/Nalin Perera
31,https://en.wikipedia.org/wiki/Gunadasa Kapuge
32,https://en.wikipedia.org/wiki/Som_Wardner
33,https://en.wikipedia.org/wiki/Amarasiri_Peiris
34,https://en.wikipedia.org/wiki/Lahiru_Perera
35,https://en.wikipedia.org/wiki/Neela_Wickramasinghe
36,https://en.wikipedia.org/wiki/Dhanith_Sri
37,https://en.wikipedia.org/wiki/Premasiri_Khemadasa
38,https://en.wikipedia.org/wiki/Edward Jayakody
39,https://en.wikipedia.org/wiki/Chandrasena Hettiarachchi
40,https://en.wikipedia.org/wiki/The_Gypsies_(Sri_Lankan_band)
41,https://en.wikipedia.org/wiki/Milton_Mallawarachchi
42,https://en.wikipedia.org/wiki/T._M._Jayaratne
43,https://en.wikipedia.org/wiki/Desmond_de_Silva
44,https://en.wikipedia.org/wiki/Amarasiri Peiris
45,https://en.wikipedia.org/wiki/Kumar_Navaratnam
46,https://en.wikipedia.org/wiki/Bathiya_and_Santhush
47,https://en.wikipedia.org/wiki/R._Muttusamy
48,https://en.wikipedia.org/wiki/Jackson_Anthony
49,https://en.wikipedia.org/wiki/Rohana Weerasinghe
50,https://en.wikipedia.org/wiki/Mohammed_Gauss
51,https://en.wikipedia.org/wiki/Sunil_Perera
52,https://en.wikipedia.org/wiki/Kasun_Kalhara
53,https://en.wikipedia.org/wiki/Sisira_Senaratne
54,https://en.wikipedia.org/wiki/Iraj Weeraratne
55,https://en.wikipedia.org/wiki/Shihan_Mihiranga_Bennet
56,https://en.wikipedia.org/wiki/La_Bambas
57,https://en.wikipedia.org/wiki/Annesley_Malewana
58,https://en.wikipedia.org/wiki/Yolande_Bavan
59,https://en.wikipedia.org/wiki/Indrachapa Liyanage
60,https://en.wikipedia.org/wiki/Gunadasa_Kapuge
61,https://en.wikipedia.org/wiki/Sunil_Santha
62,https://en.wikipedia.org/wiki/Sujatha_Aththanayaka
63,https://en.wikipedia.org/wiki/Ananda_Samarakone
64,https://en.wikipedia.org/wiki/Sanath_Nandasiri
65,https://en.wikipedia.org/wiki/Dinesh_Subasinghe
66,https://en.wikipedia.org/wiki/Stigmata_(Sri_Lankan_band)
67,https://en.wikipedia.org/wiki/Priya_Suriyasena
68,https://en.wikipedia.org/wiki/Vijaya_Kumaranatunga
69,https://en.wikipedia.org/wiki/Dushyanth Weeraman
70,https://en.wikipedia.org/wiki/Pandith_Amaradeva
71,https://en.wikipedia.org/wiki/Latha Walpola
72,https://en.wikipedia.org/wiki/The_Moonstones
73,https://en.wikipedia.org/wiki/Nanda_Malini
74,https://en.wikipedia.org/wiki/Narada_Disasekara
75,https://en.wikipedia.org/wiki/Chandralekha_Perera
76,https://en.wikipedia.org/wiki/Keerthi_Pasquel
77,https://en.wikipedia.org/wiki/Chitral Somapala
78,https://en.wikipedia.org/wiki/Ranidu Lankage
79,https://en.wikipedia.org/wiki/Sadiris_Master
80,https://en.wikipedia.org/wiki/Nalin_Jayawardena
81,https://en.wikipedia.org/wiki/Sashika Nisansala
82,https://en.wikipedia.org/wiki/Anton_Jones
83,https://en.wikipedia.org/wiki/C.T._Fernando
84,https://en.wikipedia.org/wiki/Prince Udaya Priyantha
85,https://en.wikipedia.org/wiki/Nirosha Virajini
86,https://en.wikipedia.org/wiki/Chandralekha Perera
87,https://en.wikipedia.org/wiki/Latha_Walpola
88,https://en.wikipedia.org/wiki/Sanath Nandasiri
89,https://en.wikipedia.org/wiki/Lionel_Ranwala
90,https://en.wikipedia.org/wiki/Mathangi_Arulpragasam
91,https://en.wikipedia.org/wiki/Lakshman_Joseph_De_Saram
92,https://en.wikipedia.org/wiki/Rohan_de_Saram
93,https://en.wikipedia.org/wiki/Dayan Witharana
94,https://en.wikipedia.org/wiki/Athma Liyanage
95,https://en.wikipedia.org/wiki/Allen_Ratnayake
96,https://en.wikipedia.org/wiki/Pradeep Rangana
97,https://en.wikipedia.org/wiki/Dasun_Madushan
98,https://en.wikipedia.org/wiki/Milton Mallawarachchi
99,https://en.wikipedia.org/wiki/Mariazelle_Goonetilleke
100,https://en.wikipedia.org/wiki/Rodney Warnakula
101,https://en.wikipedia.org/wiki/Sunil Edirisinghe
102,https://en.wikipedia.org/wiki/Dinesh Subasinghe
103,https://en.wikipedia.org/wiki/Chitral_Somapala
104,https://en.wikipedia.org/wiki/Paranoid_Earthling
105,https://en.wikipedia.org/wiki/H._R._Jothipala
106,https://en.wikipedia.org/wiki/Doctor
107,https://en.wikipedia.org/wiki/Bathiya and Santhush
108,https://en.wikipedia.org/wiki/Nimal_Mendis
109,https://en.wikipedia.org/wiki/Tariq_Hisny
110,https://en.wikipedia.org/wiki/Indrachapa_Liyanage
111,https://en.wikipedia.org/wiki/Cliff_Foenander
112,https://en.wikipedia.org/wiki/Paul_Fernando
113,https://en.wikipedia.org/wiki/Dayasiri Jayasekara
114,https://en.wikipedia.org/wiki/Nanda Malini
115,https://en.wikipedia.org/wiki/Edward_Jayakody
116,https://en.wikipedia.org/wiki/Karunarathna_Divulgane
117,https://en.wikipedia.org/wiki/Eddie_Jayamanne
118,https://en.wikipedia.org/wiki/Rukmani_Devi
119,https://en.wikipedia.org/wiki/Kamal_Addararachchi
120,https://en.wikipedia.org/wiki/Kasun Kalhara
121,https://en.wikipedia.org/wiki/Mignonne_Fernando
122,https://en.wikipedia.org/wiki/Rukshan_Perera
123,https://en.wikipedia.org/wiki/Sahan_Ranwala
124,https://en.wikipedia.org/wiki/Yohani
125,https://en.wikipedia.org/wiki/Victor_Ratnayake
126,https://en.wikipedia.org/wiki/Sunil Perera
127,https://en.wikipedia.org/wiki/Ravi_Kesavaram
128,https://en.wikipedia.org/wiki/Umaria Sinhawansa
129,https://en.wikipedia.org/wiki/Indrani Perera
130,https://en.wikipedia.org/wiki/Rookantha_Gunathilake
131,https://en.wikipedia.org/wiki/Tanya_Ekanayaka
132,https://en.wikipedia.org/wiki/Umaria_Sinhawansa
133,https://en.wikipedia.org/wiki/Ranidu_Lankage
134,https://en.wikipedia.org/wiki/Mariazelle Goonetilleke
135,https://en.wikipedia.org/wiki/Ajith_Bandara
136,https://en.wikipedia.org/wiki/Jagath_Wickramasinghe
137,https://en.wikipedia.org/wiki/Saheli_Rochana_Gamage
138,https://en.wikipedia.org/wiki/T. M. Jayaratne
139,https://en.wikipedia.org/wiki/Stanley_Peiris
140,https://en.wikipedia.org/wiki/Dushyanth_Weeraman
141,https://en.wikipedia.org/wiki/Mohideen_Baig
142,https://en.wikipedia.org/wiki/Jagath Wickramasinghe
